bloco_MB,operacao,linux_media_ms,windows_media_ms,linux_dp_ms,windows_dp_ms,reducao_linux_vs_windows_pct,menor_media
100,alloc_ms,29.152625,19.369982,0.182894,1.748884,-50.504142,Windows
100,write_ms,36.029355,26.614769,0.156560,2.033381,-35.373541,Windows
100,read_ms,208.458141,231.386371,0.247843,8.603849,9.909067,Linux
100,free_ms,1.869781,6.632608,0.109373,0.736549,71.809265,Linux
100,total_ms,275.509902,284.003730,0.501204,11.120702,2.990745,Linux
200,alloc_ms,58.245376,39.124395,0.216931,1.713383,-48.872272,Windows
200,write_ms,68.197660,53.776319,0.209581,2.366529,-26.817270,Windows
200,read_ms,416.878790,456.939092,0.188844,5.451971,8.767099,Linux
200,free_ms,4.455299,15.369768,0.085756,1.495979,71.012578,Linux
200,total_ms,547.777125,565.209574,0.388585,7.322375,3.084245,Linux
300,alloc_ms,87.315691,59.595352,0.211284,2.662419,-46.514264,Windows
300,write_ms,102.608073,81.602153,0.308296,4.677682,-25.741869,Windows
300,read_ms,625.348597,698.370089,0.218223,39.629270,10.455988,Linux
300,free_ms,6.702478,22.508701,0.072713,2.111034,70.222722,Linux
300,total_ms,821.974839,862.076295,0.472112,43.208927,4.651729,Linux
400,alloc_ms,117.458627,79.078483,0.377821,2.547343,-48.534245,Windows
400,write_ms,137.158006,108.381629,0.488885,4.960548,-26.550973,Windows
400,read_ms,835.939938,904.698134,3.742419,14.379828,7.600126,Linux
400,free_ms,9.675575,30.139923,0.312880,2.659626,67.897812,Linux
400,total_ms,1100.232145,1122.298169,3.871741,15.907877,1.966146,Linux
500,alloc_ms,145.918432,97.019636,0.411028,3.682414,-50.400928,Windows
500,write_ms,171.664643,140.143365,0.861708,4.892741,-22.492166,Windows
500,read_ms,1047.580408,1138.444311,6.226281,8.866570,7.981410,Linux
500,free_ms,11.049265,35.645544,0.160544,3.308466,69.002396,Linux
500,total_ms,1376.212748,1411.252856,6.447654,10.801907,2.482908,Linux
600,alloc_ms,175.070743,115.431833,0.380353,4.687125,-51.665913,Windows
600,write_ms,206.143816,166.583289,0.647567,16.390602,-23.748197,Windows
600,read_ms,1252.983506,1376.079305,4.921379,55.815876,8.945400,Linux
600,free_ms,13.164630,40.950620,0.089701,3.783579,67.852427,Linux
600,total_ms,1647.362696,1699.045047,5.203511,61.299969,3.041847,Linux
700,alloc_ms,204.519810,135.653449,0.639370,6.540150,-50.766391,Windows
700,write_ms,240.867164,201.505095,0.949489,11.588333,-19.534032,Windows
700,read_ms,1468.194547,1595.183444,7.374625,21.070358,7.960771,Linux
700,free_ms,15.275161,49.727131,0.198449,4.324282,69.282039,Linux
700,total_ms,1928.856682,1982.069119,6.851877,29.618279,2.684691,Linux
800,alloc_ms,234.594277,158.656227,1.122961,5.954654,-47.863265,Windows
800,write_ms,276.351147,224.933370,1.668991,5.442541,-22.859115,Windows
800,read_ms,1672.806025,1816.321880,6.070131,74.321002,7.901455,Linux
800,free_ms,17.467413,59.371092,0.276135,6.175714,70.579262,Linux
800,total_ms,2201.218863,2259.282569,6.643294,74.600496,2.570006,Linux
900,alloc_ms,265.079629,190.171373,0.797307,89.343667,-39.389870,Windows
900,write_ms,312.988970,272.041765,1.340142,168.974576,-15.051808,Windows
900,read_ms,1885.500525,2142.450215,11.085563,611.197383,11.993263,Linux
900,free_ms,19.756962,75.839913,0.226694,15.621259,73.949123,Linux
900,total_ms,2483.326086,2680.503266,11.149315,854.617759,7.355976,Linux
1000,alloc_ms,294.707480,199.436397,0.709328,7.699706,-47.770159,Windows
1000,write_ms,347.682349,282.279381,1.324198,6.042748,-23.169587,Windows
1000,read_ms,2094.576066,2262.767801,11.108849,24.611001,7.433009,Linux
1000,free_ms,21.962834,72.458086,0.227572,6.858513,69.688913,Linux
1000,total_ms,2758.928729,2816.941665,11.140536,24.966397,2.059430,Linux
