sistema,bloco_MB,operacao,n,media_ms,mediana_ms,desvio_padrao_ms,cv_pct,min_ms,max_ms,q1_ms,q3_ms,p95_ms,sinalizados_iqr
Linux,100,alloc_ms,100,29.152625,29.112018,0.182894,0.627368,28.954031,30.119771,29.054990,29.180958,29.477662,6
Linux,100,write_ms,100,36.029355,36.007104,0.156560,0.434534,35.795234,36.640108,35.912684,36.103004,36.303927,3
Linux,100,read_ms,100,208.458141,208.395482,0.247843,0.118893,208.271518,210.345772,208.352071,208.466577,208.737776,8
Linux,100,free_ms,100,1.869781,1.837447,0.109373,5.849488,1.775530,2.387692,1.807623,1.915396,1.979149,4
Linux,100,total_ms,100,275.509902,275.412644,0.501204,0.181919,274.998285,278.581326,275.219047,275.623506,275.999250,5
Linux,200,alloc_ms,100,58.245376,58.174270,0.216931,0.372444,58.026204,59.167597,58.126358,58.264878,58.738332,10
Linux,200,write_ms,100,68.197660,68.145329,0.209581,0.307314,67.922255,68.954420,68.059484,68.266821,68.632473,8
Linux,200,read_ms,100,416.878790,416.826843,0.188844,0.045299,416.661472,417.579710,416.756815,416.896770,417.363188,12
Linux,200,free_ms,100,4.455299,4.426191,0.085756,1.924817,4.283785,4.634587,4.386592,4.531160,4.579164,0
Linux,200,total_ms,100,547.777125,547.693093,0.388585,0.070938,547.230293,549.236615,547.515352,547.876775,548.519956,8
Linux,300,alloc_ms,100,87.315691,87.264982,0.211284,0.241977,87.038950,88.203751,87.181369,87.360253,87.718331,6
Linux,300,write_ms,100,102.608073,102.550237,0.308296,0.300459,102.151483,104.427835,102.434860,102.730406,103.004730,4
Linux,300,read_ms,100,625.348597,625.308307,0.218223,0.034896,625.004667,626.471970,625.214790,625.437913,625.660627,5
Linux,300,free_ms,100,6.702478,6.699409,0.072713,1.084872,6.541423,7.053939,6.656916,6.740728,6.791702,2
Linux,300,total_ms,100,821.974839,821.925873,0.472112,0.057436,821.258734,824.442278,821.666570,822.141263,822.870722,6
Linux,400,alloc_ms,100,117.458627,117.399714,0.377821,0.321663,116.546230,119.025478,117.228141,117.609298,118.153103,6
Linux,400,write_ms,100,137.158006,137.130391,0.488885,0.356439,135.641211,138.731444,136.802597,137.445784,137.864440,3
Linux,400,read_ms,100,835.939938,833.969583,3.742419,0.447690,833.515752,845.686889,833.725611,835.312920,843.808168,24
Linux,400,free_ms,100,9.675575,9.691847,0.312880,3.233705,8.535583,10.402060,9.574222,9.876291,10.059735,10
Linux,400,total_ms,100,1100.232145,1098.486478,3.871741,0.351902,1095.844931,1110.644177,1097.831441,1100.412319,1107.849919,21
Linux,500,alloc_ms,100,145.918432,145.775729,0.411028,0.281684,145.423800,147.610800,145.610335,146.100606,146.673886,3
Linux,500,write_ms,100,171.664643,171.524405,0.861708,0.501972,170.620267,177.723165,171.161841,171.870300,172.820119,4
Linux,500,read_ms,100,1047.580408,1043.267740,6.226281,0.594349,1041.924852,1059.588115,1042.233421,1053.010060,1058.191705,0
Linux,500,free_ms,100,11.049265,11.076555,0.160544,1.452985,10.161103,11.343804,11.018967,11.111449,11.174038,5
Linux,500,total_ms,100,1376.212748,1372.449758,6.447654,0.468507,1369.486388,1389.296637,1370.611885,1382.267371,1386.733381,0
Linux,600,alloc_ms,100,175.070743,174.956521,0.380353,0.217257,174.540823,176.165566,174.764053,175.266020,175.882653,1
Linux,600,write_ms,100,206.143816,206.028223,0.647567,0.314134,205.051597,208.311566,205.710967,206.393782,207.857953,6
Linux,600,read_ms,100,1252.983506,1250.715635,4.921379,0.392773,1250.282378,1268.801394,1250.523788,1251.567554,1265.875576,20
Linux,600,free_ms,100,13.164630,13.165762,0.089701,0.681377,12.732259,13.395762,13.107706,13.208353,13.327549,4
Linux,600,total_ms,100,1647.362696,1645.049775,5.203511,0.315869,1643.474843,1664.699055,1644.544495,1646.557624,1659.920882,19
Linux,700,alloc_ms,100,204.519810,204.439452,0.639370,0.312620,203.630091,207.832047,204.161021,204.779893,205.596982,5
Linux,700,write_ms,100,240.867164,240.814704,0.949489,0.394196,239.393706,244.105100,240.136011,241.395593,242.609553,2
Linux,700,read_ms,100,1468.194547,1467.431120,7.374625,0.502292,1458.947017,1483.116571,1460.216686,1475.742537,1479.830395,0
Linux,700,free_ms,100,15.275161,15.314803,0.198449,1.299159,14.495708,15.722385,15.239187,15.371003,15.453271,9
Linux,700,total_ms,100,1928.856682,1927.797933,6.851877,0.355230,1918.031816,1942.013308,1922.503985,1935.095257,1939.343815,0
Linux,800,alloc_ms,100,234.594277,234.342234,1.122961,0.478682,232.820806,236.959269,233.737998,235.756822,236.326679,0
Linux,800,write_ms,100,276.351147,276.032624,1.668991,0.603939,273.527196,279.686041,274.955884,277.930389,279.067973,0
Linux,800,read_ms,100,1672.806025,1669.817130,6.070131,0.362871,1667.420112,1694.805011,1668.183057,1675.487905,1686.456793,5
Linux,800,free_ms,100,17.467413,17.524788,0.276135,1.580859,16.596744,17.937335,17.417894,17.615536,17.793747,13
Linux,800,total_ms,100,2201.218863,2200.517635,6.643294,0.301801,2192.098788,2226.770710,2196.022420,2204.594976,2212.994006,3
Linux,900,alloc_ms,100,265.079629,265.128409,0.797307,0.300780,262.221740,267.055606,264.783933,265.571855,266.060046,5
Linux,900,write_ms,100,312.988970,313.063441,1.340142,0.428175,308.951555,315.965371,312.301439,313.827410,315.206398,4
Linux,900,read_ms,100,1885.500525,1878.806677,11.085563,0.587937,1875.903432,1912.994850,1877.896833,1893.791533,1907.699577,0
Linux,900,free_ms,100,19.756962,19.798909,0.226694,1.147415,18.830819,20.024287,19.711791,19.891912,19.992564,8
Linux,900,total_ms,100,2483.326086,2477.873685,11.149315,0.448967,2469.513342,2510.111164,2475.786797,2492.541035,2505.855389,0
Linux,1000,alloc_ms,100,294.707480,294.713062,0.709328,0.240689,292.989010,297.125201,294.269510,295.133405,295.783423,1
Linux,1000,write_ms,100,347.682349,347.421027,1.324198,0.380864,343.383609,350.667032,346.836740,348.507905,349.967365,1
Linux,1000,read_ms,100,2094.576066,2088.021947,11.108849,0.530363,2085.347708,2120.727323,2087.175668,2100.804890,2117.947452,0
Linux,1000,free_ms,100,21.962834,21.997776,0.227572,1.036169,21.175240,22.396842,21.852060,22.093864,22.277399,6
Linux,1000,total_ms,100,2758.928729,2754.003915,11.140536,0.403799,2745.706942,2785.850979,2750.884039,2766.081549,2782.852351,0
Windows,100,alloc_ms,100,19.369982,19.092150,1.748884,9.028838,17.593900,33.477900,18.537250,19.694100,21.842395,7
Windows,100,write_ms,100,26.614769,26.321200,2.033381,7.640047,23.611300,36.067400,25.426450,27.203375,28.803070,4
Windows,100,read_ms,100,231.386371,230.151500,8.603849,3.718391,223.631500,282.861800,227.492925,232.195300,238.586625,5
Windows,100,free_ms,100,6.632608,6.368150,0.736549,11.104971,5.263600,10.792000,6.266625,6.671050,8.134345,17
Windows,100,total_ms,100,284.003730,282.049850,11.120702,3.915689,273.378400,347.818200,279.005825,284.886225,292.248050,5
Windows,200,alloc_ms,100,39.124395,39.288700,1.713383,4.379321,35.619600,52.583800,38.816850,39.526225,40.310520,13
Windows,200,write_ms,100,53.776319,53.582550,2.366529,4.400690,50.396300,68.928600,52.969200,54.063300,55.366390,4
Windows,200,read_ms,100,456.939092,456.982150,5.451971,1.193151,447.101400,491.427000,453.211050,459.501350,463.510700,1
Windows,200,free_ms,100,15.369768,15.401700,1.495979,9.733255,12.309500,20.805100,15.075375,15.755200,16.999195,22
Windows,200,total_ms,100,565.209574,564.946100,7.322375,1.295515,553.108100,606.290600,560.591475,567.639600,571.872975,3
Windows,300,alloc_ms,100,59.595352,59.430400,2.662419,4.467495,52.638800,71.607100,58.714975,60.156400,64.461545,17
Windows,300,write_ms,100,81.602153,80.606250,4.677682,5.732302,74.980500,103.768500,78.972500,82.951275,88.610105,5
Windows,300,read_ms,100,698.370089,685.380500,39.629270,5.674537,674.872000,959.239400,681.087375,691.305425,783.929755,16
Windows,300,free_ms,100,22.508701,23.085250,2.111034,9.378749,18.505700,28.725600,21.697950,23.690575,25.139720,9
Windows,300,total_ms,100,862.076295,847.672000,43.208927,5.012193,828.835500,1131.354400,842.069975,859.428150,961.037745,16
Windows,400,alloc_ms,100,79.078483,79.941700,2.547343,3.221285,72.827600,86.965300,78.272925,80.369925,81.808945,14
Windows,400,write_ms,100,108.381629,107.655350,4.960548,4.576927,102.592500,141.485300,106.052400,110.019825,111.452265,3
Windows,400,read_ms,100,904.698134,900.920900,14.379828,1.589461,888.382100,983.819300,894.715075,911.312875,927.252325,3
Windows,400,free_ms,100,30.139923,31.005000,2.659626,8.824263,24.648500,34.045100,29.154950,31.724425,33.194605,13
Windows,400,total_ms,100,1122.298169,1118.256250,15.907877,1.417438,1100.597200,1189.451400,1111.393725,1131.666725,1151.482070,3
Windows,500,alloc_ms,100,97.019636,98.135300,3.682414,3.795535,87.997100,104.069800,94.526800,99.830700,101.927165,0
Windows,500,write_ms,100,140.143365,139.560650,4.892741,3.491240,129.095800,156.658900,135.937025,143.644950,147.915200,1
Windows,500,read_ms,100,1138.444311,1138.938000,8.866570,0.778832,1120.025800,1176.469400,1133.863275,1143.353700,1151.876685,1
Windows,500,free_ms,100,35.645544,36.593350,3.308466,9.281570,30.773300,41.543700,32.209500,38.563250,39.650755,0
Windows,500,total_ms,100,1411.252856,1411.434000,10.801907,0.765413,1386.543100,1441.469200,1404.293975,1417.481025,1430.514315,1
Windows,600,alloc_ms,100,115.431833,116.011150,4.687125,4.060513,106.538100,127.186400,111.548100,119.289400,121.548140,0
Windows,600,write_ms,100,166.583289,169.373500,16.390602,9.839283,125.340700,218.208200,164.778625,176.000600,182.673725,17
Windows,600,read_ms,100,1376.079305,1361.885850,55.815876,4.056153,1341.451500,1810.676500,1354.464700,1378.146450,1417.979785,6
Windows,600,free_ms,100,40.950620,39.900600,3.783579,9.239368,29.348000,50.127700,37.961925,42.691575,48.575760,3
Windows,600,total_ms,100,1699.045047,1687.497150,61.299969,3.607907,1651.562900,2193.809800,1680.555100,1697.269025,1745.309020,9
Windows,700,alloc_ms,100,135.653449,137.415600,6.540150,4.821219,122.537600,148.677200,129.643350,141.134000,143.613210,0
Windows,700,write_ms,100,201.505095,197.902150,11.588333,5.750888,188.775100,279.448800,195.928200,204.511650,217.388910,5
Windows,700,read_ms,100,1595.183444,1588.644500,21.070358,1.320874,1562.200600,1693.791900,1581.037775,1607.051825,1628.192465,3
Windows,700,free_ms,100,49.727131,49.643950,4.324282,8.696022,43.311700,62.741600,46.080625,52.555975,57.640825,1
Windows,700,total_ms,100,1982.069119,1974.854000,29.618279,1.494311,1942.210700,2165.372200,1967.536000,1989.025525,2036.749745,8
Windows,800,alloc_ms,100,158.656227,160.267450,5.954654,3.753180,143.792700,176.022300,156.592625,162.402525,164.858500,10
Windows,800,write_ms,100,224.933370,224.675900,5.442541,2.419624,211.455400,252.785400,222.671875,226.281350,229.506235,9
Windows,800,read_ms,100,1816.321880,1807.852800,74.321002,4.091841,1782.821700,2537.820700,1797.070925,1817.927475,1836.809760,1
Windows,800,free_ms,100,59.371092,60.101450,6.175714,10.401887,49.507600,81.879700,54.512850,63.654250,66.331260,1
Windows,800,total_ms,100,2259.282569,2250.610100,74.600496,3.301955,2219.380500,2977.515400,2238.672675,2265.513700,2285.861185,1
Windows,900,alloc_ms,100,190.171373,183.324300,89.343667,46.980608,162.476800,1071.815900,179.105875,184.977025,191.895625,13
Windows,900,write_ms,100,272.041765,254.970100,168.974576,62.113469,230.554900,1943.506000,252.833600,257.603350,265.809765,11
Windows,900,read_ms,100,2142.450215,2044.530600,611.197383,28.527962,2008.172300,7747.503500,2031.962125,2057.832850,2181.767645,15
Windows,900,free_ms,100,75.839913,70.451300,15.621259,20.597675,55.481000,132.898400,65.742975,93.601575,98.368425,0
Windows,900,total_ms,100,2680.503266,2553.588250,854.617759,31.882735,2501.922000,10827.373700,2534.418825,2590.295825,2712.315875,6
Windows,1000,alloc_ms,100,199.436397,202.141200,7.699706,3.860733,179.018500,208.941500,197.616600,204.104275,207.453760,14
Windows,1000,write_ms,100,282.279381,282.181300,6.042748,2.140697,259.511100,320.726300,279.479475,284.008275,288.395510,5
Windows,1000,read_ms,100,2262.767801,2257.712450,24.611001,1.087650,2230.077400,2375.905400,2245.833575,2272.986100,2303.373140,4
Windows,1000,free_ms,100,72.458086,72.215500,6.858513,9.465490,61.795700,83.629700,67.015325,78.199225,82.657930,0
Windows,1000,total_ms,100,2816.941665,2812.610900,24.966397,0.886294,2778.764100,2928.176900,2802.254475,2827.700225,2862.598985,5
